{"cameraMode":{"drawMode":0,"name":"Shaded","section":"Shading Mode"},"sceneLighting":false,"audioPlay":false,"sceneViewState":{"showFog":true,"showMaterialUpdate":false,"showSkybox":false,"showFlares":true,"showImageEffects":true,"showParticleSystems":true},"in2DMode":false,"pivot":{"x":0.224063903093338,"y":0.8224091529846191,"z":-0.03848451375961304},"rotation":{"x":-0.3964170813560486,"y":0.3607124984264374,"z":-0.1730487048625946,"w":-0.8263144493103027},"size":4.849043846130371,"orthographic":false}